CO(GT),NO2(GT),CO Class
2.6,113,2
2,92,1
2.2,114,2
2.2,122,2
1.6,116,1
1.2,96,1
1.2,77,1
1,76,0
0.9,60,0
0.6,34,0
0.7,28,0
0.7,48,0
1.1,82,1
2,112,1
2.2,101,2
1.7,98,1
1.5,92,1
1.6,95,1
1.9,112,1
2.9,128,2
2.2,126,2
2.2,131,2
2.9,135,2
4.8,151,2
6.9,172,2
6.1,165,2
3.9,136,2
1.5,85,1
1,53,0
1.7,97,1
1.9,110,1
1.4,91,1
0.8,32,0
0.6,44,0
0.8,71,0
1.4,104,1
4.4,141,2
3.1,122,2
2.7,143,2
2.1,113,2
2.5,116,2
2.7,123,2
2.9,126,2
2.8,120,2
2.4,119,2
3.9,149,2
3.7,145,2
6.6,170,2
4.4,149,2
3.5,139,2
5.4,134,2
2.7,113,2
1.9,97,1
1.6,82,1
1.7,83,1
1,65,0
1.2,60,1
1.5,77,1
2.7,96,2
3.7,119,2
3.2,126,2
4.1,158,2
3.6,161,2
2.8,124,2
2,102,1
2,116,1
2.5,124,2
2.3,125,2
3.2,148,2
4.2,165,2
4.2,161,2
4.2,159,2
3.1,143,2
2.6,130,2
2.9,129,2
2.8,119,2
2.5,104,2
2.4,82,2
1.2,70,1
1,63,0
0.9,67,0
1.4,84,1
1.6,83,1
2.2,98,2
2.8,114,2
2.8,119,2
2,104,1
1.8,102,1
1.9,107,1
3,129,2
2.9,128,2
2.5,121,2
4.6,157,2
5.9,173,2
3.4,146,2
2.1,121,2
2.2,119,2
1.8,99,1
1.8,93,1
1.8,88,1
1.1,71,1
1,74,0
1.4,80,1
2.2,89,2
5.5,114,2
8.1,149,2
5.8,157,2
4.2,155,2
3.1,134,2
2.9,119,2
2.9,111,2
2.5,104,2
2.3,99,2
2.8,110,2
6.1,162,2
8,187,2
6.5,165,2
4.2,145,2
3.2,125,2
1.4,101,1
2.1,103,2
1.2,88,1
0.8,61,0
0.7,59,0
0.6,52,0
0.9,64,0
1.3,70,1
3.4,97,2
3.7,95,2
5.3,150,2
4.1,162,2
3.3,154,2
4,161,2
3.8,161,2
2.8,128,2
2.9,129,2
2.9,133,2
3.4,139,2
3.9,137,2
3.2,143,2
5.1,177,2
2.6,138,2
1.7,117,1
1.7,107,1
1.2,90,1
0.9,79,0
0.7,60,0
0.5,40,0
0.5,53,0
1.6,84,1
4.1,108,2
6.6,127,2
4.3,134,2
2.9,135,2
2.5,142,2
2.8,153,2
2.6,123,2
2,104,1
2.9,129,2
2.5,114,2
5,158,2
7.6,194,2
6.7,182,2
5.7,180,2
2.8,136,2
2.6,127,2
2.3,116,2
1.4,107,1
1,88,0
0.7,78,0
0.6,57,0
0.7,71,0
1.5,85,1
4.7,124,2
6.6,151,2
4.5,150,2
2.8,152,2
2.2,139,2
2.2,133,2
2.3,126,2
2.2,128,2
2.8,169,2
2.7,149,2
3.7,156,2
5.1,168,2
5.1,176,2
3.2,135,2
2.1,121,2
1.7,99,1
2,106,1
1.6,96,1
0.9,63,0
0.7,32,0
0.5,28,0
0.7,61,0
1.5,99,1
4.8,157,2
6.2,166,2
4,149,2
3.3,135,2
2.8,127,2
3,122,2
3.3,135,2
3.5,139,2
4,147,2
4.6,158,2
4.1,146,2
4.5,144,2
3.9,138,2
4,143,2
2.2,116,2
2.1,109,2
1.7,92,1
1.6,83,1
1.3,81,1
1.3,55,1
0.8,53,0
0.8,67,0
1.1,91,1
2.1,113,2
2.4,102,2
2.6,107,2
2.8,113,2
2.6,108,2
2.6,105,2
2.1,93,2
1.7,87,1
1.6,76,1
2.1,94,2
2.3,110,2
3.5,136,2
3.9,139,2
3.3,125,2
2.3,111,2
2.1,97,2
2.8,107,2
2.1,90,2
1.6,84,1
1.6,87,1
1.1,66,1
0.7,36,0
0.8,62,0
1.2,91,1
1.4,89,1
1.7,93,1
1.8,81,1
1.8,82,1
1.9,80,1
1.3,48,1
1.6,61,1
1.9,89,1
2.3,105,2
3.8,116,2
3.5,119,2
4.3,144,2
2.8,123,2
1.9,105,1
1.9,93,1
1.7,86,1
1.5,76,1
0.6,33,0
0.4,27,0
0.3,23,0
0.6,46,0
1.2,76,1
3.6,116,2
3.7,115,2
1.8,83,1
1.6,87,1
1.9,90,1
2,87,1
2.2,99,2
2.1,99,2
2.3,101,2
2.6,103,2
3.8,129,2
4.4,143,2
4.5,146,2
3.3,124,2
2,113,1
1.1,80,1
0.9,72,0
0.8,64,0
0.7,70,0
0.5,31,0
0.3,22,0
0.5,47,0
1.1,88,1
3,130,2
3.8,132,2
3.4,132,2
3,131,2
2.7,129,2
3.5,132,2
2.8,110,2
1.9,99,1
2,100,1
3,122,2
1.9,97,1
2.7,112,2
3.3,128,2
1.7,101,1
1.3,96,1
1.3,86,1
1.2,85,1
1.1,79,1
0.9,61,0
0.6,66,0
0.6,54,0
0.8,57,0
1.2,75,1
3.1,97,2
4.4,110,2
3.4,113,2
1.7,88,1
1.5,85,1
1.7,96,1
2.2,106,2
2.7,91,2
2.8,126,2
2.7,130,2
4.5,111,2
3.5,134,2
2.6,136,2
1.7,125,1
1.3,108,1
1.3,87,1
1,89,0
0.7,58,0
0.7,54,0
0.5,28,0
0.5,20,0
0.6,51,0
1.1,82,1
2.7,112,2
3.5,119,2
2.3,99,2
1.6,98,1
1.3,88,1
2,96,1
1.9,81,1
1.9,92,1
2.2,105,2
2,88,1
2.9,103,2
5.2,141,2
4.6,133,2
2.5,119,2
1.5,106,1
1.2,92,1
1.7,97,1
1.4,91,1
1.2,83,1
0.6,59,0
0.7,73,0
0.8,78,0
0.9,90,0
1.6,110,1
3.4,114,2
3.8,119,2
3.1,121,2
2.7,97,2
2,99,1
2.3,85,2
1.9,75,1
1.3,87,1
1.9,102,1
2.3,105,2
2.4,98,2
2.7,93,2
2.6,91,2
1.5,85,1
1.2,74,1
1.1,87,1
1.5,79,1
1,78,0
1.2,63,1
1.1,48,1
0.8,59,0
0.9,65,0
1.1,71,1
1.5,84,1
1.8,93,1
2.1,99,2
2.1,93,2
1.9,96,1
2.1,114,2
2.5,101,2
1.9,108,1
2.2,117,2
2.3,125,2
2.7,133,2
3,119,2
2.8,107,2
2.2,96,2
1.6,105,1
2.1,102,2
2.3,97,2
2.3,79,2
1.7,69,1
2.2,52,2
1.3,62,1
0.8,69,0
1.1,75,1
1.4,83,1
1.3,94,1
1.9,96,1
2.3,86,2
2.3,72,2
1.8,53,1
1.4,65,1
1,70,0
1.4,75,1
1.3,86,1
1.3,94,1
1.4,103,1
1.9,81,1
1.8,80,1
1.1,77,1
1.1,58,1
1.1,31,1
0.9,38,0
0.6,59,0
0.5,70,0
0.7,75,0
0.6,103,0
0.7,134,0
0.9,98,0
2.9,97,2
4.1,98,2
1.5,78,1
1.5,83,1
1.5,92,1
1.4,81,1
1.6,90,1
1.5,95,1
1.4,114,1
1.5,106,1
1.9,99,1
2.5,90,2
2.1,82,2
1.6,74,1
1.2,76,1
1.1,66,1
1,73,0
1,69,0
0.7,71,0
0.7,98,0
0.8,115,0
0.7,130,0
1.1,150,1
2.6,159,2
4,146,2
4.2,138,2
4.7,128,2
3.9,97,2
3.7,91,2
3.4,81,2
2.2,99,2
1.9,101,1
1.6,106,1
2.1,102,2
2.2,84,2
2.7,81,2
2.4,91,2
1.3,82,1
1.2,64,1
1.5,70,1
1.3,26,1
1,58,0
0.9,93,0
0.5,110,0
0.5,115,0
0.6,125,0
1,118,0
3.1,109,2
4.1,123,2
2.2,114,2
1.7,114,1
1.9,119,1
2.9,111,2
2.2,103,2
2.6,103,2
3.1,107,2
2.3,105,2
2.4,91,2
2.8,79,2
2.7,79,2
2.3,86,2
1.5,70,1
1.4,55,1
1.2,49,1
1.6,50,1
1.2,67,1
1.1,94,1
0.9,119,0
0.7,139,0
0.9,113,0
1.7,88,1
4.2,73,2
6.2,73,2
4.6,72,2
2.8,81,2
1.6,93,1
1.7,106,1
1.7,132,1
1.7,164,1
1.9,161,1
2.3,124,2
3.3,113,2
4.2,103,2
5.5,104,2
4.9,93,2
2.5,60,2
2,52,1
2,66,1
2,82,1
1.3,109,1
1,114,0
0.9,139,0
0.7,127,0
1.1,127,1
2.6,135,2
3.9,130,2
5,126,2
3.3,121,2
2.9,122,2
3.1,138,2
3,165,2
2.7,154,2
2.7,168,2
2.6,146,2
3.7,124,2
4.5,124,2
4.7,106,2
5.5,88,2
3,83,2
1.9,74,1
2.3,64,2
1.6,69,1
1.3,91,1
1.2,96,1
0.9,106,0
0.8,124,0
0.8,121,0
0.9,114,0
2,114,1
3,106,2
3.1,89,2
3.1,82,2
3,111,2
3.2,132,2
3.1,121,2
2.5,116,2
2.1,100,2
2,89,1
3.2,92,2
4.1,71,2
3.9,51,2
3.1,39,2
2,35,1
1.7,64,1
1.6,94,1
1,134,0
0.8,129,0
0.5,125,0
0.5,107,0
0.5,78,0
0.8,91,0
1.7,116,1
4.5,131,2
6.2,113,2
4.4,98,2
2.9,116,2
1.6,120,1
2.6,126,2
2.9,126,2
2.5,90,2
1.9,81,1
1.9,74,1
2.7,67,2
3,46,2
3.3,30,2
3.2,19,2
1.8,32,1
1.3,61,1
1.1,111,1
0.9,102,0
0.7,116,0
0.4,96,0
0.3,97,0
0.3,110,0
0.3,103,0
0.8,79,0
2.8,104,2
3.1,69,2
2.3,96,2
1.6,121,1
1.5,129,1
1.6,116,1
1.8,71,1
1.4,85,1
1.9,101,1
1.2,97,1
2.3,89,2
3.3,72,2
3.1,57,2
3.3,62,2
1.2,64,1
1.3,80,1
1.9,118,1
1.4,130,1
1.5,113,1
1.1,112,1
0.8,96,0
0.8,125,0
1.1,128,1
2.6,101,2
5.1,95,2
4.2,138,2
2.6,154,2
2.4,171,2
2.1,136,2
2.6,93,2
2.8,99,2
2.5,106,2
1.9,109,1
3.6,97,2
4.6,83,2
6.3,79,2
4.3,84,2
1.6,86,1
1.4,111,1
2,117,1
2.4,122,2
1.8,119,1
1,121,0
1,127,0
1,135,0
0.9,119,0
1.5,137,1
2.6,139,2
2.9,117,2
2.7,127,2
2.4,137,2
2.6,127,2
4.1,107,2
4.3,102,2
2.2,95,2
3.4,79,2
3.6,78,2
2.5,75,2
2.8,52,2
3.4,55,2
3,65,2
2.1,72,2
2.4,76,2
2.3,84,2
1.3,90,1
1.7,89,1
1.7,87,1
1,88,0
0.8,81,0
1,89,0
1.4,91,1
1.7,104,1
2,111,1
2,129,1
1.9,133,1
2.1,115,2
1.8,125,1
1.5,117,1
1.3,84,1
1.4,63,1
1.5,68,1
1.7,52,1
2,49,1
2.5,49,2
2.4,52,2
2,58,1
2.9,51,2
2.5,77,2
1.4,90,1
1.2,118,1
1,70,0
1,35,0
0.7,46,0
0.8,58,0
0.9,61,0
1.1,80,1
1,93,0
1.6,78,1
1.8,76,1
2.6,74,2
1.1,81,1
0.6,58,0
0.9,59,0
1,54,0
1.2,25,1
1.4,26,1
2,49,1
1.1,53,1
1.1,57,1
1.1,73,1
1.1,78,1
0.7,93,0
0.6,71,0
0.7,56,0
0.6,60,0
0.3,77,0
0.3,82,0
0.4,77,0
0.5,91,0
0.6,93,0
0.8,82,0
1,74,0
1.3,68,1
1.1,65,1
0.6,58,0
0.7,36,0
1.2,29,1
1.4,28,1
1.2,68,1
1.3,99,1
1.8,130,1
1.2,128,1
0.8,120,0
0.8,93,0
0.8,96,0
0.7,84,0
0.5,87,0
0.3,87,0
0.4,103,0
0.3,88,0
0.7,118,0
1.6,134,1
3.9,144,2
4.5,129,2
2.7,108,2
1.6,104,1
1.6,90,1
1.6,74,1
1.5,73,1
1.8,60,1
2.1,57,2
1.7,62,1
3,71,2
4.6,94,2
5,99,2
3.5,119,2
2.1,103,2
2.1,95,2
1.5,95,1
1.1,114,1
0.9,127,0
0.7,135,0
0.4,135,0
0.9,120,0
1.6,129,1
3.9,114,2
5,129,2
4.3,149,2
2.7,149,2
2.1,158,2
2.1,148,2
3.9,134,2
3.8,111,2
3.8,106,2
3.9,108,2
3.5,93,2
4,83,2
3,69,2
3.1,77,2
5.2,87,2
5.9,109,2
7.3,116,2
6.1,105,2
4.6,106,2
2.5,108,2
2.2,100,2
2,149,1
1.9,148,1
1.6,126,1
1,140,0
1,142,0
1.2,141,1
2,149,1
4.5,140,2
4.1,117,2
2.6,103,2
2.3,99,2
2.6,100,2
2.4,88,2
4.3,83,2
4.6,59,2
4,67,2
4.7,95,2
5.7,123,2
5.2,142,2
6.4,142,2
6,169,2
3.4,142,2
2.7,136,2
3.1,147,2
2.6,196,2
2.2,186,2
1.9,177,1
0.6,164,0
0.8,161,0
4,146,2
5.6,98,2
5,108,2
3.2,107,2
3.8,113,2
3.3,100,2
3,87,2
3.2,60,2
4.4,65,2
4.6,64,2
5.2,73,2
4.8,86,2
5.6,105,2
4.6,107,2
1.8,114,1
2.2,105,2
2,74,1
2.8,95,2
2.6,89,2
1.8,95,1
1.1,93,1
0.7,123,0
0.9,134,0
1.5,126,1
2.5,79,2
3,54,2
2.6,69,2
2.6,67,2
2.6,73,2
1.9,73,1
2,33,1
1.7,20,1
1.9,37,1
1.8,50,1
2.8,45,2
3.5,48,2
3.4,56,2
2,58,1
1.1,52,1
1.3,52,1
1.2,44,1
1.3,59,1
1,74,0
1.3,76,1
0.3,83,0
0.5,100,0
0.6,101,0
0.6,90,0
0.8,93,0
1,79,0
0.9,57,0
1,43,0
0.8,25,0
0.7,17,0
0.9,44,0
1.3,72,1
1.4,91,1
1.5,89,1
2.7,84,2
2.5,83,2
1.4,78,1
2.8,80,2
2.1,75,2
1.1,77,1
0.7,77,0
0.4,81,0
0.3,101,0
0.4,119,0
0.8,111,0
1.9,109,1
2.1,101,2
1.4,89,1
1.4,75,1
1.3,51,1
1.5,39,1
1.6,32,1
1.3,49,1
1.4,68,1
1.5,76,1
2.2,122,2
3.2,129,2
3,94,2
2.6,99,2
1.6,81,1
1.5,87,1
1.2,107,1
0.8,95,0
0.7,110,0
0.5,99,0
0.5,113,0
0.7,127,0
1.4,131,1
4.1,137,2
4.6,122,2
1.9,100,1
1.9,108,1
1.7,83,1
2.4,74,2
3,64,2
2,40,1
2.7,39,2
2.2,69,2
2.9,104,2
3.4,100,2
3.9,146,2
3.6,155,2
2.5,139,2
1.8,121,1
2,108,1
1.3,126,1
1,145,0
0.6,121,0
0.6,145,0
0.5,160,0
1.1,155,1
5.5,162,2
4.2,129,2
4.6,96,2
3.4,92,2
2.8,89,2
2.5,61,2
2.4,54,2
3.2,44,2
3.5,57,2
2.9,68,2
3.6,95,2
4.8,125,2
5.4,135,2
5.3,118,2
2.7,91,2
1.4,89,1
1.6,129,1
1.5,122,1
1,138,0
0.6,136,0
0.4,143,0
0.8,145,0
1.5,146,1
4.9,122,2
7.2,112,2
3.5,102,2
2.1,97,2
1.5,85,1
2,76,1
3.8,74,2
3.4,56,2
4.4,66,2
3.9,90,2
4.9,111,2
5.4,103,2
6.5,117,2
4.3,116,2
2.9,109,2
2.7,116,2
2.8,115,2
2.3,94,2
1.7,121,1
1.2,114,1
1,110,0
0.8,122,0
1.7,135,1
3,133,2
3.4,110,2
3.3,102,2
2.7,108,2
2.6,110,2
3.2,84,2
3.4,71,2
2.6,42,2
3.4,32,2
4,35,2
4.5,67,2
4.2,73,2
5.7,86,2
4.4,89,2
3.1,86,2
3,86,2
3.1,66,2
3.5,68,2
2.4,82,2
1.6,91,1
1.3,95,1
0.6,104,0
0.7,131,0
1.2,112,1
1.5,100,1
1.8,115,1
2.1,129,2
1.9,99,1
2,74,1
1.3,55,1
1.3,35,1
1.8,37,1
2,45,1
1.8,46,1
2.4,68,2
4,77,2
2.8,79,2
2,72,1
3.6,68,2
3.7,64,2
2.3,73,2
1.8,84,1
0.9,67,0
1.6,106,1
0.6,114,0
0.7,123,0
0.8,108,0
1.2,100,1
1.4,118,1
1.6,121,1
1.3,94,1
1.3,52,1
1.1,39,1
1.2,33,1
1.5,57,1
1.1,80,1
1.9,101,1
2.3,109,2
3.3,109,2
2.6,111,2
2.2,102,2
2.3,96,2
2,90,1
1.6,69,1
0.8,74,0
0.6,102,0
0.4,128,0
0.7,130,0
1.3,120,1
3.4,113,2
4.7,100,2
3.4,70,2
2.5,83,2
2,81,1
1.9,69,1
1.7,48,1
1.4,28,1
1.5,47,1
2.4,88,2
3.9,109,2
4.2,113,2
3.7,104,2
3.2,65,2
2,87,1
1.1,99,1
1.5,100,1
1.3,105,1
1,97,0
0.6,54,0
0.4,59,0
0.6,109,0
1.9,125,1
4.5,132,2
4.3,110,2
3.2,53,2
1.3,61,1
2.2,41,2
2.6,22,2
2.3,28,2
2.4,41,2
2.6,54,2
1.2,81,1
1.6,107,1
3.9,124,2
4.7,123,2
5.4,120,2
3,113,2
0.9,114,0
1.1,120,1
0.7,125,0
0.5,88,0
0.5,72,0
0.5,103,0
0.8,67,0
1.3,79,1
3.5,89,2
3.9,67,2
2.9,83,2
2.6,76,2
3,58,2
3.7,30,2
3.9,22,2
3.5,50,2
2.4,92,2
1.6,101,1
3,121,2
1.6,130,1
2.1,114,2
1.8,100,1
1.1,56,1
1.5,75,1
1.4,121,1
0.9,128,0
0.5,139,0
0.4,122,0
0.6,92,0
1.3,97,1
2.9,98,2
3.6,93,2
3.4,65,2
2.5,81,2
2.1,102,2
1.1,91,1
1.8,56,1
3,41,2
3.1,48,2
3.6,72,2
3.3,106,2
1.8,107,1
2.1,127,2
2.2,114,2
1.6,101,1
0.9,95,0
1.8,110,1
2.3,101,2
2,106,1
0.9,116,0
0.6,124,0
0.7,133,0
1.5,96,1
3.7,85,2
4.2,97,2
3.4,97,2
2.4,101,2
1.3,85,1
1.5,80,1
2.2,33,2
1.8,117,1
1.9,107,1
2.3,95,2
3.6,93,2
4.3,104,2
2.2,102,2
1.5,109,1
2,97,1
2,104,1
2.1,124,2
1.5,135,1
2.2,122,2
0.5,109,0
4.4,95,2
2.5,86,2
2.1,78,2
2.4,53,2
2.2,43,2
2.2,53,2
2.3,48,2
2.1,64,2
2.5,95,2
3.6,120,2
4,153,2
3,163,2
2.1,119,2
1.7,96,1
1.1,94,1
0.9,86,0
0.4,91,0
0.2,97,0
0.2,125,0
0.6,140,0
1.4,158,1
4.6,159,2
5.5,128,2
4.8,114,2
4.5,100,2
3,88,2
2.5,67,2
2.3,65,2
2,47,1
1.9,57,1
1.9,73,1
3.5,95,2
4.6,110,2
6.3,121,2
5,108,2
3.3,125,2
2.7,117,2
2.2,131,2
1.7,126,1
0.8,114,0
0.8,123,0
0.6,116,0
0.8,107,0
1.5,123,1
4.1,112,2
5.9,101,2
5.1,91,2
3.9,88,2
3.4,96,2
3.3,75,2
5.1,47,2
3.1,25,2
2.5,49,2
2.4,85,2
2.8,106,2
2.9,136,2
3.4,119,2
2.2,122,2
1.6,90,1
1.3,97,1
1.3,98,1
1.6,93,1
1.2,98,1
0.6,123,0
0.4,148,0
0.4,148,0
1,133,0
2,141,1
3.6,131,2
2.4,121,2
2.4,123,2
1.6,107,1
1.9,104,1
2.4,91,2
1.7,87,1
2.1,102,2
3.1,95,2
4.6,140,2
4.5,138,2
3.9,113,2
4.6,101,2
3.3,97,2
2.7,114,2
3.3,110,2
2.5,103,2
2.1,119,2
1.3,126,1
1,144,0
1.2,164,1
1.5,148,1
3.7,119,2
3.3,111,2
2.5,115,2
1.9,103,1
2,81,1
2.5,71,2
2.1,58,2
2.1,44,2
2.3,49,2
3,68,2
4.1,108,2
4.5,117,2
3.5,127,2
2.1,93,2
2.3,94,2
1.9,87,1
1.9,75,1
1.2,81,1
1,86,0
1.1,97,1
0.5,117,0
0.6,120,0
1.4,149,1
2.6,124,2
2.8,97,2
2.6,112,2
1.6,95,1
1.7,88,1
1.7,54,1
1.3,43,1
1.4,45,1
1.4,47,1
1.7,58,1
2.3,69,2
2.5,89,2
3.3,105,2
2.2,92,2
1.6,82,1
2.6,56,2
2.3,60,2
1.5,64,1
0.9,85,0
0.8,107,0
0.4,106,0
0.4,125,0
0.8,118,0
0.9,95,0
1.6,97,1
2,93,1
1.6,85,1
1.4,67,1
0.9,37,0
0.9,40,0
1.2,75,1
1.4,102,1
1.9,113,1
1.8,142,1
2.7,90,2
2.4,94,2
1.6,92,1
1.4,97,1
1.4,88,1
1.4,86,1
0.9,99,0
0.5,95,0
0.4,105,0
0.5,121,0
1.3,125,1
2.6,122,2
2,81,1
1.8,73,1
1.7,80,1
1.5,65,1
1.9,59,1
1.7,50,1
1.5,23,1
1.7,37,1
1.7,54,1
2.4,94,2
3.1,139,2
3.4,115,2
3,119,2
1.2,103,1
1.2,123,1
1.3,126,1
1,106,0
0.4,127,0
0.3,105,0
0.2,130,0
0.5,160,0
0.9,162,0
2.7,135,2
6.5,122,2
3.2,75,2
2.4,96,2
1.9,84,1
2.7,68,2
2.9,65,2
2,52,1
2.3,46,2
1.9,54,1
3,94,2
4.4,155,2
4.7,165,2
3.4,134,2
2.4,122,2
1.2,113,1
1.7,115,1
1.2,118,1
0.7,125,0
0.5,135,0
0.3,149,0
0.3,162,0
0.7,151,0
3.1,154,2
6.2,118,2
4.6,103,2
2.6,122,2
2.1,102,2
2,73,1
2.2,59,2
2.1,26,2
2.3,35,2
2.5,68,2
3.4,97,2
4.3,146,2
3.8,83,2
3.8,117,2
2,117,1
1.7,108,1
2,107,1
1.5,120,1
0.8,150,0
0.5,138,0
0.3,148,0
0.3,168,0
0.9,172,0
2.8,179,2
5.4,143,2
4,137,2
2.2,117,2
2.2,93,2
2,64,1
2,58,1
1.9,47,1
2.7,47,2
2.2,62,2
3.5,113,2
4.1,126,2
4.4,139,2
4.5,148,2
2.9,117,2
2.6,106,2
2.1,98,2
1.2,98,1
0.6,110,0
0.3,114,0
0.3,122,0
0.3,155,0
0.7,145,0
4.2,146,2
4.8,130,2
3.4,126,2
2.8,127,2
1.8,126,1
1.9,124,1
2,93,1
1.9,58,1
2,59,1
2.3,66,2
2.7,80,2
3.6,94,2
3.8,102,2
3.5,96,2
2.5,91,2
2.5,104,2
3,84,2
3.7,76,2
3.3,87,2
1.5,101,1
0.7,115,0
0.5,110,0
0.5,103,0
1.2,90,1
2.2,68,2
2.2,85,2
2.1,100,2
1.8,114,1
2.2,108,2
2,78,1
1.4,55,1
1.8,37,1
2.1,53,2
2.8,79,2
2.8,65,2
2.7,64,2
1.8,66,1
1.2,53,1
2.6,69,2
3.1,57,2
4.1,36,2
3.6,57,2
1.9,73,1
1.9,81,1
0.3,91,0
0.4,65,0
0.8,56,0
0.8,69,0
0.8,73,0
0.8,76,0
0.9,67,0
1.2,44,1
1,21,0
0.8,19,0
1.1,29,1
1.5,69,1
1.5,111,1
1.4,81,1
1.1,56,1
0.9,90,0
1,85,0
1.1,83,1
1,85,0
0.7,85,0
0.5,81,0
0.2,92,0
0.1,108,0
0.5,106,0
1.6,114,1
2,96,1
1.3,77,1
1,73,0
0.9,86,0
1.2,84,1
1.3,56,1
1.1,31,1
1.2,30,1
1.4,51,1
2,45,1
2.4,82,2
2.1,100,2
1.2,91,1
0.7,130,0
0.7,155,0
0.8,114,0
0.5,127,0
0.2,138,0
0.1,136,0
0.2,135,0
1.1,115,1
3,112,2
2.1,112,2
2.6,109,2
3.2,112,2
2.1,115,2
2.2,117,2
2.4,105,2
4,114,2
2.2,103,2
1.8,119,1
1.6,102,1
1.8,96,1
1.6,109,1
1.6,119,1
1.3,103,1
1.7,84,1
1.7,59,1
2.1,29,2
2.2,45,2
1.8,80,1
1.8,77,1
0.9,68,0
1,66,0
2,70,1
1.8,74,1
1.1,64,1
0.6,60,0
0.3,63,0
0.1,75,0
0.5,79,0
0.6,83,0
0.5,93,0
0.7,112,0
0.7,103,0
0.9,93,0
0.7,112,0
0.4,125,0
0.5,107,0
0.6,76,0
0.6,55,0
0.8,37,0
1,45,0
1.2,61,1
1,67,0
1.3,60,1
2.7,64,2
2.7,64,2
1.6,59,1
0.6,41,0
0.3,46,0
0.1,46,0
0.1,77,0
0.2,83,0
0.3,90,0
0.3,95,0
0.4,113,0
0.3,128,0
0.3,117,0
0.1,64,0
0.1,28,0
0.2,46,0
0.6,8,0
0.5,32,0
0.9,57,0
1.1,60,1
1.3,83,1
1.5,129,1
1.2,137,1
0.4,121,0
0.2,123,0
0.3,120,0
0.5,119,0
1.6,121,1
3.6,111,2
2.2,128,2
1.6,159,1
1.4,161,1
1.4,116,1
1.5,96,1
1.3,69,1
1.2,58,1
1.8,59,1
3,45,2
3.5,23,2
2.4,26,2
1.1,24,1
0.8,41,0
0.4,65,0
0.6,94,0
0.3,100,0
0.1,103,0
0.3,89,0
1.4,86,1
2.7,89,2
2.3,88,2
1.8,73,1
1.6,78,1
1.9,95,1
2.5,109,2
1.6,95,1
1.5,101,1
2.5,88,2
3.6,77,2
3.5,75,2
4.8,81,2
3.7,57,2
2.1,49,2
1.6,38,1
2.2,31,2
0.8,23,0
2.7,22,2
3.6,33,2
3.3,43,2
3.6,53,2
2.9,54,2
1.9,62,1
2,53,1
2.9,34,2
2.7,30,2
1.5,37,1
1.6,47,1
1.3,44,1
0.7,53,0
0.7,88,0
1.2,95,1
1.5,82,1
1.5,59,1
1.6,43,1
1.1,51,1
1.1,49,1
1.4,36,1
1.4,24,1
1,58,0
1.3,73,1
1.9,74,1
1.7,97,1
2.3,108,2
2.4,93,2
1.8,63,1
0.6,71,0
0.8,91,0
1.7,95,1
1.1,96,1
0.6,81,0
1.1,68,1
1.1,57,1
1,68,0
0.5,72,0
0.7,62,0
1,75,0
1.2,92,1
0.7,89,0
0.9,105,0
0.8,111,0
0.8,102,0
0.5,30,0
0.5,43,0
0.7,67,0
0.9,58,0
1,24,0
1.2,58,1
1.3,62,1
1.6,34,1
1.4,46,1
1.7,62,1
1.7,70,1
1.4,54,1
0.8,61,0
0.4,53,0
0.3,49,0
0.5,48,0
1.5,45,1
2.6,60,2
4.3,59,2
3.1,67,2
2.9,72,2
2.5,88,2
1.9,94,1
2.5,89,2
2.5,96,2
2.8,98,2
2.3,95,2
3.3,64,2
2.8,38,2
4.8,34,2
2.5,40,2
2,76,1
1.8,90,1
1.7,118,1
1.3,118,1
0.7,122,0
0.5,120,0
0.4,132,0
0.3,115,0
0.5,127,0
1.4,126,1
3.3,113,2
5.8,124,2
5,108,2
3.5,142,2
2.9,125,2
2.5,116,2
2.3,101,2
2.4,101,2
2.6,92,2
2.2,55,2
3.5,42,2
3.9,30,2
4.5,40,2
3.8,69,2
2.8,100,2
1.7,125,1
1.2,174,1
1.6,171,1
1,149,0
0.9,124,0
0.5,119,0
0.5,130,0
0.5,143,0
1,183,0
3.5,161,2
6.4,170,2
2.9,143,2
3.4,123,2
2.8,89,2
2.8,67,2
2.8,81,2
2.3,54,2
1.8,57,1
2,51,1
3.5,58,2
4.9,69,2
4.6,107,2
3.4,151,2
2.7,146,2
1.9,165,1
1.5,159,1
1,174,0
0.7,167,0
1,137,0
0.6,116,0
0.9,125,0
1.2,194,1
2.9,222,2
4.8,206,2
4.3,162,2
3.1,132,2
2.4,107,2
2.8,84,2
2.5,61,2
2.6,42,2
2.3,66,2
2.4,50,2
3.5,76,2
4.8,78,2
5.1,104,2
4.7,139,2
2.4,166,2
2.5,151,2
2.7,134,2
1.5,148,1
1.1,126,1
0.6,144,0
0.5,133,0
0.4,139,0
0.6,178,0
1,206,0
4.6,211,2
4.8,180,2
4,116,2
2,118,1
2,115,1
2,96,1
1.9,86,1
1.9,65,1
1.9,53,1
2.6,74,2
3.2,69,2
3.4,131,2
3.4,134,2
2.9,148,2
2.7,111,2
1.3,110,1
1.3,110,1
0.9,116,0
0.6,120,0
0.5,142,0
0.5,146,0
0.9,153,0
0.7,158,0
0.6,140,0
1.3,127,1
1.9,97,1
2.1,91,2
1.8,68,1
1.8,52,1
1.6,58,1
1.2,78,1
1.2,61,1
1.4,64,1
1.3,81,1
1.1,92,1
1.1,101,1
1.1,96,1
1.8,101,1
2.3,91,2
2.6,68,2
2,76,1
1,84,0
0.6,76,0
0.6,61,0
0.5,52,0
0.4,59,0
0.4,89,0
0.4,113,0
0.4,112,0
0.5,89,0
0.6,53,0
0.7,36,0
0.7,39,0
0.6,33,0
0.5,37,0
0.6,36,0
0.8,42,0
0.8,52,0
1,60,0
1,74,0
1,65,0
0.9,52,0
0.7,40,0
0.8,49,0
0.7,56,0
0.5,59,0
0.3,68,0
0.3,72,0
0.3,78,0
0.7,71,0
1.5,54,1
1.8,57,1
1.4,45,1
1.5,30,1
1.2,16,1
1.2,18,1
1.3,28,1
1,62,0
1.4,92,1
1.6,96,1
2.7,87,2
2.3,84,2
1.5,73,1
1.4,72,1
1,68,0
1.1,62,1
1.2,70,1
1.2,83,1
0.7,92,0
0.5,103,0
0.4,82,0
0.4,74,0
0.5,67,0
1,74,0
4.4,72,2
4,79,2
2.4,43,2
2.1,33,2
2.7,38,2
2.8,51,2
2.3,69,2
2,116,1
2.6,119,2
2.7,96,2
3.1,109,2
3.1,115,2
3.6,118,2
2.9,118,2
2.2,112,2
2,140,1
2.1,137,2
1.9,143,1
1.4,148,1
0.8,158,0
0.6,127,0
0.6,109,0
0.5,101,0
1,114,0
2.7,104,2
5,81,2
3.3,51,2
2.4,40,2
1.7,34,1
1.7,61,1
2.4,95,2
2.2,142,2
2.2,128,2
2.3,115,2
2.6,84,2
2.3,85,2
3.3,110,2
3.5,107,2
2.5,107,2
2.5,113,2
2.4,107,2
2.5,106,2
2.1,125,2
1,139,0
0.8,117,0
0.5,107,0
1.3,98,1
3.6,97,2
4.8,95,2
3.7,68,2
1.9,51,1
1.7,44,1
1.9,77,1
1.8,100,1
1.7,125,1
1.8,154,1
1.7,125,1
2.8,117,2
3.6,105,2
3.3,103,2
2.9,106,2
1.7,107,1
1.7,102,1
2.8,124,2
1.8,133,1
1,125,0
0.5,124,0
0.4,97,0
0.3,94,0
0.4,120,0
0.8,105,0
2.2,81,2
4.4,43,2
3.7,32,2
2.5,36,2
2.5,59,2
2.3,92,2
2,121,1
2,151,1
2.1,142,2
2.4,141,2
3.1,129,2
2.9,106,2
3.5,125,2
2.9,126,2
1.5,147,1
1.7,180,1
2.2,164,2
1.6,180,1
1,153,0
0.6,105,0
0.6,98,0
0.6,107,0
0.5,87,0
0.5,80,0
0.9,62,0
1.4,54,1
1.6,56,1
1.6,62,1
1.7,72,1
1.7,86,1
1.5,99,1
1.2,98,1
1.2,102,1
1.1,84,1
1,83,0
1.1,68,1
1.6,63,1
1.7,65,1
1.4,63,1
1.7,56,1
2.4,77,2
2.3,91,2
1.2,70,1
1,95,0
1.4,113,1
1,109,0
0.9,65,0
0.8,60,0
1,62,0
1.2,60,1
1.2,65,1
1,55,0
1,66,0
0.6,67,0
0.7,64,0
0.8,59,0
1.1,59,1
1.4,36,1
2.8,35,2
2.5,54,2
1.6,71,1
1.4,86,1
2.3,114,2
4.2,105,2
3,87,2
2.2,85,2
0.6,91,0
0.3,108,0
0.3,99,0
0.5,83,0
1.3,36,1
2.5,24,2
3.7,43,2
2.5,64,2
1.8,91,1
1.5,109,1
1.5,110,1
1.2,111,1
1.4,106,1
1.6,104,1
1.6,76,1
2.2,84,2
3,102,2
3,102,2
2.7,124,2
2.1,147,2
1.6,138,1
1.3,126,1
1.1,112,1
0.7,95,0
0.4,80,0
0.2,79,0
0.2,49,0
0.3,36,0
0.9,40,0
3.1,37,2
5,67,2
2.8,106,2
2.8,134,2
2.1,123,2
3.1,136,2
3,109,2
2.1,144,2
1.7,154,1
2.2,126,2
3.5,98,2
3.6,120,2
4.1,145,2
4,139,2
1.8,148,1
1.7,139,1
2.4,93,2
1.2,96,1
0.8,104,0
0.5,83,0
0.3,66,0
0.4,55,0
1,37,0
3.8,40,2
3.2,51,2
3.5,117,2
3.2,110,2
2.3,136,2
2.2,152,2
2.1,119,2
1.9,106,1
2.4,101,2
2.5,110,2
3.6,124,2
3.9,137,2
4.4,159,2
4.8,152,2
2.5,166,2
2.8,163,2
3.2,121,2
2.6,125,2
1.5,120,1
1,103,0
0.8,64,0
0.6,44,0
0.6,35,0
0.7,46,0
1.2,54,1
1.5,68,1
1.3,77,1
1.6,74,1
1.5,92,1
1.2,83,1
1.1,58,1
1.2,55,1
1.3,61,1
1.4,65,1
1.6,74,1
2.1,89,2
3,103,2
2.8,128,2
3.8,122,2
3.2,125,2
4.1,119,2
2.6,126,2
2,100,1
0.9,94,0
0.7,52,0
0.6,64,0
0.6,46,0
1.6,88,1
2.6,104,2
2.9,125,2
2.8,151,2
1.9,113,1
1.9,102,1
2.1,108,2
1.9,93,1
1.6,89,1
1.6,84,1
2.1,111,2
2.4,115,2
2.8,127,2
3.4,129,2
3.4,140,2
2.7,137,2
2.6,130,2
2.3,121,2
1.2,79,1
1,69,0
0.9,61,0
1.1,58,1
0.4,58,0
0.9,70,0
1.8,104,1
2.2,109,2
2.4,129,2
2.3,144,2
1.6,101,1
1.4,90,1
1.4,86,1
1,69,0
1,65,0
1.2,73,1
1.3,73,1
1.5,78,1
1.9,98,1
1.8,99,1
1.4,83,1
1.7,88,1
2.7,117,2
2.1,97,2
1.4,75,1
1,53,0
1,45,0
0.8,42,0
0.5,44,0
0.6,50,0
0.6,60,0
1,100,0
1.6,111,1
1.9,110,1
1.7,74,1
1.1,56,1
0.8,50,0
0.7,54,0
0.7,90,0
1.2,109,1
1.6,110,1
1.6,103,1
1.7,120,1
2,134,1
2.3,137,2
2.4,99,2
1.7,78,1
1.2,63,1
1,41,0
0.6,39,0
0.5,60,0
0.4,54,0
0.5,119,0
0.7,159,0
3.2,182,2
5.6,183,2
4.6,144,2
3.3,118,2
2.1,106,2
1.9,97,1
1.9,129,1
1.6,130,1
2,163,1
1.8,160,1
2.9,140,2
3.4,115,2
3.1,92,2
2.5,99,2
1.8,96,1
1.8,80,1
2,65,1
1.5,46,1
0.8,57,0
0.4,54,0
0.3,62,0
0.5,102,0
0.7,140,0
3.4,121,2
5.7,132,2
3.2,122,2
2.7,148,2
2.1,133,2
2.8,130,2
2.5,141,2
2.1,172,2
2.5,198,2
2.7,181,2
3.7,202,2
3.7,120,2
4.6,115,2
2.6,112,2
2.5,97,2
2.3,100,2
2.2,47,2
2.5,44,2
0.9,42,0
0.8,57,0
0.7,61,0
0.5,106,0
0.7,136,0
0.9,157,0
2.2,171,2
2.8,190,2
2.9,155,2
2.9,139,2
3,152,2
2.5,143,2
2.3,168,2
2.1,226,2
1.9,207,1
2.3,197,2
4.2,158,2
4.9,124,2
4.9,110,2
3.5,112,2
2.5,102,2
2.5,77,2
2.6,50,2
2.3,40,2
1.5,66,1
0.9,60,0
0.6,85,0
0.6,120,0
0.8,134,0
0.9,149,0
2.4,125,2
3.9,132,2
2.9,114,2
2.7,110,2
2,121,1
2.4,127,2
2,157,1
1.8,169,1
1.9,179,1
1.8,149,1
2.9,111,2
3.3,112,2
4.4,120,2
3.4,105,2
1.9,90,1
2.1,87,2
2.5,54,2
2.3,61,2
1.7,63,1
1.5,102,1
0.8,149,0
0.5,147,0
0.8,158,0
2.6,112,2
4.9,108,2
2.9,120,2
2.8,117,2
1.8,119,1
1.8,149,1
1.9,174,1
1.7,163,1
1.7,161,1
1.9,154,1
2.1,124,2
2.4,122,2
3,119,2
2.8,131,2
1.9,84,1
2.1,77,2
1.8,41,1
2.5,68,2
1.1,69,1
0.7,101,0
0.7,120,0
0.4,124,0
0.7,113,0
0.7,97,0
1.8,94,1
2.3,86,2
1.9,70,1
1.7,70,1
1.3,82,1
1.5,93,1
1.3,89,1
0.8,90,0
0.8,67,0
1.1,94,1
1.2,109,1
1.2,103,1
1.4,101,1
1.1,71,1
1.5,71,1
2,49,1
1.9,43,1
2.2,44,2
1.1,42,1
1.1,69,1
0.8,65,0
0.6,68,0
0.6,58,0
0.6,52,0
0.6,46,0
1.1,40,1
1,47,0
1,56,0
1,64,0
0.8,71,0
0.7,103,0
0.4,97,0
0.5,108,0
0.6,87,0
0.7,104,0
0.9,93,0
1.6,55,1
1.6,49,1
1.7,56,1
1.3,43,1
1.9,57,1
1.5,80,1
0.6,134,0
0.4,157,0
0.3,175,0
0.4,147,0
0.7,140,0
2,137,1
3.9,123,2
3.6,138,2
3.2,132,2
2.2,174,2
2.2,203,2
2.1,176,2
1.8,125,1
2,98,1
1.8,103,1
3,104,2
4.3,105,2
3.5,75,2
2.5,60,2
1.8,36,1
1.9,66,1
1.9,97,1
1.9,115,1
0.9,145,0
0.7,162,0
0.6,147,0
0.4,132,0
0.7,179,0
1.6,174,1
3.8,132,2
5.1,151,2
3.4,168,2
2.6,192,2
2.2,194,2
3.4,155,2
3.4,159,2
1.8,125,1
2,108,1
2.4,110,2
3.8,99,2
4.4,95,2
3.9,69,2
4,45,2
2.5,53,2
2.1,88,2
2.4,136,2
2.1,141,2
1.6,189,1
0.8,166,0
0.5,154,0
0.4,149,0
0.5,142,0
1.3,130,1
4.1,121,2
4.1,116,2
4,177,2
2.2,233,2
2,223,1
2,184,1
2.2,165,2
2.2,132,2
1.8,122,1
1.8,88,1
3.3,79,2
4.3,60,2
5.3,60,2
4.3,74,2
3.6,62,2
2.4,115,2
2.1,119,2
1.2,155,1
0.9,162,0
0.6,189,0
0.5,115,0
0.6,109,0
0.6,108,0
2.2,145,2
3.2,167,2
3,200,2
2.7,178,2
3.2,206,2
1.4,192,1
1.3,137,1
1.4,128,1
2.1,121,2
2.4,136,2
3.1,109,2
3.5,74,2
5.1,40,2
4.5,61,2
2.9,83,2
2.6,129,2
2.7,115,2
3.2,130,2
2.3,137,2
1,116,0
0.5,129,0
0.4,117,0
0.6,138,0
1,139,0
2.9,180,2
2.7,162,2
1.8,158,1
1.8,162,1
1.7,112,1
1.5,104,1
1.7,125,1
1.3,127,1
1.5,95,1
1.5,70,1
2.3,33,2
2.2,45,2
2.8,56,2
2.7,74,2
1.7,84,1
1.5,93,1
2.3,97,2
2.3,83,2
1.5,71,1
1,78,0
0.5,62,0
0.3,54,0
0.4,59,0
0.5,69,0
0.9,67,0
1.1,58,1
1.4,77,1
1.1,94,1
0.9,97,0
0.8,110,0
0.8,116,0
0.6,74,0
0.6,51,0
0.5,40,0
0.7,36,0
0.8,35,0
0.9,48,0
1.3,38,1
1.3,54,1
1.4,57,1
1.9,54,1
2.3,46,2
1,36,0
0.5,19,0
1,34,0
0.4,63,0
0.3,86,0
0.2,65,0
0.4,101,0
0.3,116,0
0.6,124,0
0.6,136,0
0.6,108,0
0.5,82,0
0.4,68,0
0.2,22,0
0.4,34,0
0.6,43,0
0.9,84,0
0.7,108,0
1.2,112,1
1.6,104,1
1.8,107,1
2.4,102,2
1.5,104,1
0.9,96,0
0.8,80,0
0.2,72,0
0.1,106,0
0.5,119,0
1.4,119,1
3.3,128,2
3.6,112,2
1.7,95,1
1.5,85,1
1.6,101,1
2.1,94,2
2.1,76,2
1.6,50,1
1.3,51,1
1.6,42,1
3.1,62,2
3.3,111,2
3.4,129,2
2.8,135,2
1.5,139,1
1.3,134,1
1.6,141,1
1.5,112,1
1,105,0
0.5,72,0
0.4,90,0
0.6,126,0
0.7,154,0
1.3,173,1
4,162,2
5,128,2
3.6,120,2
2.8,111,2
2.6,89,2
2.7,69,2
2.3,70,2
2,59,1
1.3,73,1
1.7,89,1
2.8,142,2
3.8,145,2
4.9,156,2
4.3,148,2
2.6,122,2
2.4,106,2
1.9,106,1
1.4,127,1
1.1,113,1
0.9,136,0
0.7,153,0
0.5,172,0
0.8,190,0
1.3,160,1
4.7,159,2
4.6,123,2
3.7,101,2
2.8,116,2
1.8,80,1
1.9,51,1
2,37,1
2,46,1
2.1,64,2
2.1,108,2
3.2,151,2
4,153,2
4.6,116,2
3,116,2
2.9,130,2
1.9,131,1
1.4,131,1
2.1,135,2
1.2,152,1
0.6,198,0
0.4,183,0
0.4,175,0
0.7,193,0
2.3,140,2
4,128,2
2.8,100,2
1.6,97,1
1.6,67,1
2,58,1
2,45,1
1.7,62,1
2,59,1
2.2,102,2
3.2,154,2
3.6,157,2
3.8,138,2
4.8,142,2
2.8,125,2
2.6,120,2
1.9,150,1
1.7,120,1
1,173,0
0.7,187,0
0.5,206,0
0.4,187,0
0.6,170,0
0.7,149,0
2.4,124,2
4.4,119,2
3.1,108,2
2,93,1
2.1,77,2
2.1,76,2
2.1,58,2
2.2,63,2
1.6,75,1
2.4,111,2
3.3,116,2
4,138,2
4.1,117,2
4.2,94,2
2.9,91,2
2.3,60,2
2.2,66,2
2.1,87,2
1.6,106,1
1.2,94,1
1.2,112,1
0.9,120,0
0.6,106,0
0.7,112,0
1.3,120,1
2,114,1
1.9,70,1
2.2,64,2
1.9,55,1
1.5,50,1
1.4,62,1
1,53,0
1,85,0
1.4,102,1
1.6,97,1
1.6,91,1
2.1,62,2
2,57,1
1.9,40,1
2.3,60,2
2.4,70,2
2.2,53,2
1.2,54,1
1.1,58,1
0.8,73,0
0.6,99,0
0.7,102,0
0.4,101,0
0.6,77,0
0.9,55,0
0.9,51,0
0.8,50,0
0.4,75,0
0.3,89,0
0.1,112,0
0.5,142,0
0.4,145,0
0.3,165,0
0.4,159,0
0.6,159,0
0.8,131,0
1.2,123,1
1.6,129,1
1.2,126,1
0.5,149,0
0.3,200,0
0.1,174,0
0.1,131,0
0.3,135,0
0.8,134,0
2.3,96,2
3.4,94,2
2.5,79,2
2.4,79,2
2.1,89,2
4.1,69,2
3.8,91,2
3.4,135,2
2.9,166,2
3.1,189,2
3.5,193,2
2.4,164,2
1.6,139,1
1.3,130,1
0.9,129,0
1,132,0
0.8,101,0
1.1,145,1
4.4,133,2
3.3,110,2
2.1,126,2
2.1,102,2
2,104,1
1.5,112,1
2.1,89,2
2.3,67,2
2.8,63,2
3.6,34,2
4,73,2
3.7,76,2
2.5,102,2
2.3,140,2
2.5,150,2
2.7,194,2
1.3,162,1
0.8,138,0
0.9,123,0
0.5,86,0
0.8,107,0
1,106,0
2.9,99,2
3.8,140,2
3.5,163,2
2.4,144,2
1.8,120,1
2.1,120,2
2.1,106,2
1.5,95,1
1.5,70,1
1.8,67,1
2.1,70,2
3,50,2
2.8,60,2
2.5,127,2
1.4,149,1
1.7,158,1
1.8,190,1
2.4,127,2
1.9,130,1
1.4,125,1
0.8,113,0
0.7,143,0
0.8,157,0
0.7,170,0
1,187,0
1.7,181,1
1.9,158,1
2.3,112,2
1.7,100,1
1.3,105,1
1.2,107,1
0.8,72,0
0.9,59,0
1.1,55,1
1.2,70,1
1.3,59,1
1.4,95,1
1.2,120,1
0.9,133,0
1.1,133,1
1.5,120,1
1.7,132,1
0.9,135,0
0.7,121,0
0.4,123,0
0.3,129,0
0.4,129,0
0.4,156,0
0.5,131,0
0.5,115,0
0.7,79,0
0.9,86,0
0.8,91,0
0.8,99,0
0.7,83,0
0.8,74,0
0.7,64,0
0.8,61,0
1.2,62,1
1.6,65,1
1.6,79,1
1.5,90,1
1.5,116,1
1.5,89,1
1.5,68,1
1.2,53,1
0.8,34,0
0.8,38,0
1.2,53,1
1,62,0
1.5,82,1
2.8,88,2
3.4,70,2
3.3,53,2
2.9,57,2
2.2,73,2
1.6,83,1
0.9,52,0
1.1,52,1
1,26,0
1.3,17,1
1.6,28,1
1.8,29,1
2.2,37,2
1.8,31,1
2.3,46,2
2,66,1
1.8,54,1
0.9,50,0
0.5,44,0
0.6,52,0
0.4,37,0
0.4,51,0
0.4,78,0
0.8,90,0
0.8,110,0
0.9,86,0
0.7,88,0
0.6,91,0
0.5,93,0
0.6,68,0
0.7,48,0
0.9,22,0
0.9,59,0
1.2,102,1
1.4,116,1
1.5,109,1
1.7,98,1
1.7,97,1
1.7,97,1
1.9,90,1
1.2,92,1
0.7,76,0
0.3,97,0
0.2,101,0
0.4,118,0
0.8,129,0
1.9,131,1
1.9,130,1
1.9,106,1
1.9,92,1
1.7,97,1
1.4,80,1
1.2,40,1
1.4,49,1
1.4,46,1
1.9,37,1
2.2,92,2
1.9,115,1
1.7,102,1
1.2,104,1
0.3,109,0
0.1,108,0
0.1,90,0
0.7,81,0
1.2,87,1
2.3,82,2
3,99,2
2.9,119,2
2.6,128,2
2.6,111,2
2.6,114,2
2.1,100,2
1.7,88,1
1.9,78,1
2.5,101,2
1.1,77,1
2.1,78,2
2.6,65,2
2.6,74,2
1.7,83,1
1.5,96,1
1.8,120,1
1.4,147,1
1.2,148,1
0.7,91,0
0.6,94,0
0.7,95,0
0.5,92,0
0.6,113,0
0.9,111,0
1.2,166,1
2,143,1
1.9,131,1
1.7,102,1
1.2,94,1
1.1,96,1
1,88,0
1,72,0
1,33,0
1.2,33,1
1.6,60,1
1.6,72,1
1.6,97,1
1.3,136,1
1.9,140,1
1.9,171,1
1.5,150,1
1.1,117,1
0.8,106,0
0.9,95,0
0.6,137,0
0.6,129,0
0.7,135,0
0.6,127,0
1,122,0
1.2,118,1
1,135,0
1.3,134,1
1.4,105,1
0.8,104,0
0.6,81,0
0.7,69,0
0.8,51,0
0.9,52,0
1,48,0
1.5,105,1
1.5,150,1
1.7,160,1
1.9,167,1
1.7,141,1
1.2,104,1
1.1,101,1
0.8,118,0
0.5,121,0
0.7,124,0
1.2,127,1
2.3,137,2
2.5,137,2
2.4,135,2
1.4,118,1
1.2,111,1
1.6,85,1
1.4,158,1
1.2,77,1
1.5,56,1
1.4,37,1
1.5,49,1
1.7,71,1
2.2,71,2
1.9,86,1
1.6,125,1
1.5,160,1
1.4,174,1
1,146,0
0.7,127,0
0.5,114,0
0.5,65,0
0.5,77,0
0.7,68,0
1.2,92,1
2.2,104,2
2.9,114,2
2.6,105,2
2.6,85,2
2.2,92,2
1.5,82,1
0.9,70,0
1,40,0
1.1,26,1
1.2,21,1
1.8,30,1
1.8,21,1
1.7,35,1
1.7,36,1
1.6,48,1
1.7,39,1
1.8,34,1
1.5,33,1
1.2,42,1
0.8,85,0
0.5,92,0
0.5,84,0
0.7,100,0
1.1,95,1
1.4,77,1
1.7,85,1
1.8,83,1
1.8,88,1
1.7,68,1
1.3,97,1
1.3,51,1
1,5,0
1,35,0
1.4,56,1
1.6,110,1
1.4,124,1
1.7,115,1
1.4,119,1
1.5,107,1
1.4,99,1
1.5,95,1
1.6,105,1
1.2,117,1
0.9,157,0
0.6,173,0
0.7,139,0
0.7,116,0
1.7,91,1
2.2,98,2
1.9,93,1
1.5,74,1
1.6,50,1
1.3,36,1
1.1,55,1
1,86,0
1,137,0
1.1,140,1
1.3,142,1
1.5,185,1
1.6,173,1
1.5,158,1
1.3,127,1
1.2,111,1
1.6,114,1
1.4,109,1
1.1,137,1
0.7,134,0
0.4,114,0
0.5,100,0
0.5,92,0
0.8,97,0
1.6,111,1
1.6,89,1
1.4,87,1
1.5,69,1
1.2,115,1
1.1,108,1
0.8,86,0
0.7,84,0
0.7,97,0
0.7,102,0
1,102,0
1,99,0
1.2,97,1
1.1,101,1
1,92,0
1.2,70,1
1.4,72,1
1.3,80,1
1,71,0
0.6,69,0
0.4,55,0
0.4,57,0
0.4,56,0
0.5,72,0
1.1,84,1
1.2,97,1
0.9,107,0
0.9,117,0
1,120,0
0.8,110,0
0.8,104,0
0.7,110,0
0.7,111,0
0.7,64,0
0.7,92,0
0.9,114,0
1.2,116,1
1.4,94,1
1.2,77,1
1,74,0
0.9,62,0
0.7,57,0
0.5,45,0
0.5,49,0
0.4,45,0
0.4,44,0
0.4,43,0
0.5,51,0
0.7,84,0
1.1,96,1
1,88,0
1.2,67,1
1.1,64,1
0.6,54,0
0.4,56,0
0.4,68,0
0.5,67,0
0.6,95,0
0.8,86,0
1,93,0
1.1,68,1
1.1,95,1
1.6,93,1
0.9,69,0
0.7,55,0
0.7,39,0
0.5,33,0
0.4,29,0
0.3,36,0
0.4,38,0
0.9,47,0
1.3,64,1
1.6,49,1
2.1,64,2
2,79,1
1.4,45,1
1.4,30,1
0.9,35,0
0.8,37,0
0.8,46,0
1,54,0
1.3,79,1
1.3,79,1
1.3,98,1
1.6,93,1
1.4,89,1
1.3,57,1
1,51,0
0.9,39,0
0.6,30,0
0.5,46,0
0.5,55,0
0.4,63,0
0.4,42,0
1,5,0
2.2,39,2
2.5,39,2
2.3,71,2
2,65,1
1.4,71,1
1.7,72,1
1.5,76,1
1.7,75,1
1.6,86,1
1.4,96,1
1.4,95,1
1.4,74,1
1.2,76,1
0.9,66,0
0.6,49,0
0.4,29,0
0.5,11,0
0.5,25,0
0.8,34,0
1.4,42,1
1.2,47,1
1,62,0
1.2,81,1
1.1,90,1
1.2,95,1
1.1,86,1
1,64,0
1,62,0
1.2,75,1
1.7,88,1
1.7,126,1
1.7,96,1
1.7,79,1
2,67,1
1.6,62,1
1.3,64,1
1,63,0
0.9,60,0
1,49,0
1.1,36,1
1.5,24,1
1.5,32,1
1.6,42,1
1.7,42,1
1.4,51,1
1.2,58,1
1.1,67,1
1.1,68,1
1.2,56,1
0.7,47,0
0.5,46,0
0.4,50,0
0.7,65,0
1.1,69,1
1.6,63,1
2.3,69,2
1.6,57,1
2,59,1
1.6,54,1
1.6,57,1
1.3,46,1
1,65,0
1.6,62,1
2,25,1
1.7,37,1
1.7,41,1
1.4,60,1
1.3,65,1
1.3,71,1
1.6,61,1
1.8,65,1
1.5,54,1
1.3,58,1
1.1,56,1
0.5,60,0
0.6,69,0
0.7,67,0
1.1,79,1
1.9,86,1
3.5,79,2
2.9,67,2
2.2,65,2
2,67,1
1.7,62,1
1.6,48,1
1.3,33,1
1.3,11,1
1.3,34,1
1.6,52,1
1.3,80,1
1.4,86,1
1.4,77,1
1.3,93,1
1.4,109,1
1.5,89,1
1.5,71,1
0.9,56,0
0.6,68,0
0.5,61,0
0.5,70,0
1,76,0
1.9,78,1
2.6,80,2
1.7,71,1
1.7,74,1
1.4,90,1
1.6,78,1
1.3,63,1
0.9,42,0
1.4,27,1
1,29,0
2.2,41,2
1.9,61,1
2.1,68,2
1.7,58,1
1,52,0
1.1,57,1
0.7,51,0
1.3,53,1
1.3,49,1
1,44,0
0.7,48,0
0.6,46,0
0.7,56,0
1.1,73,1
2.4,85,2
2.4,72,2
2.3,53,2
2.2,47,2
1.8,37,1
2,34,1
1.5,33,1
1.4,27,1
1.5,27,1
1.6,27,1
1.9,28,1
2,36,1
2.3,59,2
2.4,56,2
1.8,70,1
1.7,36,1
1.2,17,1
0.8,14,0
0.7,24,0
0.6,36,0
0.6,43,0
0.6,60,0
0.4,81,0
0.5,87,0
0.7,85,0
1.2,91,1
1.7,55,1
1.8,42,1
1.5,43,1
1.2,20,1
1.1,23,1
2.9,43,2
1.9,68,1
1.4,62,1
2,65,1
2.7,93,2
2.8,110,2
2,106,1
2.1,77,2
2,60,1
1.8,67,1
1.9,57,1
1.3,60,1
0.7,69,0
0.5,77,0
0.5,77,0
0.6,87,0
1.3,88,1
3.6,84,2
4.9,65,2
3.9,54,2
2.2,37,2
1.9,36,1
2.2,29,2
2,25,1
1.7,41,1
2,68,1
2.1,82,2
3.2,137,2
4,119,2
4.4,71,2
3,78,2
2.2,72,2
1.7,74,1
1.9,70,1
2,55,1
1.5,54,1
0.8,53,0
0.6,46,0
0.6,38,0
0.7,30,0
0.8,16,0
2.9,12,2
5.2,38,2
3.3,56,2
4.6,57,2
4.3,39,2
4.9,47,2
4,35,2
2.6,44,2
1.3,43,1
1.5,34,1
2.2,36,2
1.2,44,1
0.9,63,0
0.8,60,0
0.8,66,0
0.8,68,0
1,83,0
1.7,64,1
1.9,50,1
2,53,1
2.2,57,2
2.3,55,2
2.3,70,2
1.8,68,1
1.4,73,1
1.6,92,1
2.3,80,2
2.4,60,2
2.1,49,2
1.8,53,1
1.7,50,1
1.9,34,1
1.6,21,1
2.6,48,2
5.8,71,2
3,94,2
1.5,118,1
0.9,105,0
1.1,122,1
0.9,121,0
0.7,115,0
0.6,107,0
0.7,86,0
0.8,118,0
0.9,129,0
1,90,0
0.9,87,0
0.7,65,0
0.6,61,0
0.6,62,0
0.8,85,0
0.9,83,0
1.1,84,1
1.7,71,1
1.5,62,1
1.6,40,1
1.7,50,1
1.3,78,1
1.3,89,1
1,106,0
0.6,107,0
0.5,93,0
0.4,95,0
0.7,78,0
1.8,76,1
1.9,66,1
1.7,71,1
1.3,61,1
1.4,73,1
1.3,54,1
1.4,53,1
1.2,69,1
1.3,77,1
1.5,83,1
2.3,94,2
2.6,84,2
2.9,55,2
1.8,35,1
1.3,31,1
1.3,45,1
1.2,59,1
1.2,83,1
0.8,90,0
0.6,87,0
0.6,83,0
0.6,71,0
0.7,77,0
1.3,75,1
2.5,52,2
3.4,76,2
2.1,60,2
2.2,99,2
1.7,88,1
2.1,91,2
2.2,91,2
1.4,68,1
1.4,71,1
1.6,49,1
2.3,71,2
3.3,76,2
4.1,67,2
3.3,58,2
2.2,53,2
3.4,52,2
4,68,2
4.7,69,2
3.8,83,2
2.8,99,2
2.6,101,2
2,104,1
1.4,89,1
1.2,88,1
0.6,89,0
0.3,92,0
0.2,109,0
0.4,107,0
0.6,116,0
3,124,2
3.2,112,2
3.5,99,2
3.1,85,2
2.2,69,2
1.7,58,1
2,49,1
2.5,56,2
2.4,33,2
2.9,39,2
4.2,43,2
5.4,62,2
4.3,81,2
3.6,102,2
2,86,1
1.5,37,1
1.5,64,1
1.2,101,1
1,71,0
0.5,82,0
0.5,104,0
0.4,105,0
0.5,87,0
0.7,98,0
2.4,105,2
4.1,104,2
3,96,2
2,79,1
2.5,61,2
2.4,48,2
2.6,63,2
1.9,92,1
2.1,99,2
2.5,117,2
2.7,142,2
3.3,121,2
3.2,122,2
2.6,108,2
1.4,80,1
1.6,93,1
1.7,108,1
1.6,118,1
3.1,149,2
2.9,171,2
3,154,2
3,122,2
2.2,126,2
2,121,1
2.3,125,2
3.1,126,2
6.2,96,2
4.7,73,2
3,65,2
2.1,90,2
1,58,0
0.8,27,0
0.7,67,0
3.3,96,2
6.1,64,2
6.7,72,2
4.4,73,2
1.9,64,1
1.8,74,1
1.5,89,1
1.6,188,1
0.8,176,0
0.5,163,0
0.7,155,0
0.6,146,0
0.9,131,0
1.4,119,1
4.2,98,2
4.1,89,2
3.6,68,2
2.5,65,2
1.3,81,1
1.7,136,1
2.1,130,2
1.7,157,1
1.9,171,1
2.3,143,2
3.3,116,2
3.5,129,2
3.6,168,2
2.9,152,2
2,175,1
1.9,212,1
1.5,220,1
1.1,175,1
0.8,165,0
0.5,136,0
0.4,111,0
0.3,114,0
0.3,96,0
0.5,75,0
2.4,58,2
2.2,41,2
1.4,55,1
1.6,73,1
1.6,108,1
1.6,147,1
2.1,150,2
1.1,131,1
1.6,144,1
2.4,151,2
2.9,165,2
2.7,135,2
3.1,143,2
2.2,153,2
1.5,149,1
1.2,164,1
1.3,180,1
1.4,159,1
0.9,119,0
0.7,127,0
0.6,131,0
0.5,101,0
0.8,138,0
1.2,138,1
1.1,138,1
1.6,137,1
1.4,120,1
1.2,208,1
1.4,128,1
1.6,145,1
1.1,168,1
1.1,177,1
1.3,172,1
1.5,112,1
2,39,1
2.4,68,2
2,51,1
1.5,112,1
1.7,170,1
2.5,173,2
2.2,135,2
1.4,93,1
1.2,74,1
1.2,69,1
0.9,109,0
0.5,55,0
0.6,49,0
1,42,0
1.3,50,1
1.7,53,1
2.2,86,2
2.1,81,2
2.2,96,2
2,96,1
2,79,1
1.2,95,1
1.8,127,1
4.3,102,2
3.8,107,2
4.4,110,2
3.8,124,2
1.9,113,1
1.7,104,1
1.8,117,1
1.1,94,1
0.8,109,0
0.7,72,0
0.6,40,0
0.5,23,0
0.5,24,0
0.9,41,0
3.5,99,2
5.7,91,2
3.5,81,2
3.7,95,2
3.1,113,2
3,89,2
2.6,88,2
2.4,81,2
2.6,82,2
5,115,2
5.6,112,2
6.5,116,2
4.1,129,2
2.1,110,2
2,105,1
1.4,90,1
0.8,94,0
0.8,96,0
0.6,70,0
0.5,57,0
0.4,45,0
0.6,42,0
1.4,71,1
5.6,82,2
7.3,81,2
5.3,89,2
4.4,83,2
3.1,82,2
3.3,78,2
3.8,79,2
2.3,78,2
2.6,73,2
3.2,73,2
5,100,2
5.6,122,2
5.4,132,2
4.4,116,2
2.4,109,2
1.5,109,1
1.3,116,1
1.1,104,1
1,81,0
0.6,64,0
0.5,54,0
0.6,35,0
0.8,44,0
1.5,62,1
4.1,68,2
5.5,85,2
5.5,110,2
3.7,115,2
3.3,129,2
2.5,106,2
2.6,87,2
2.2,70,2
2.6,106,2
2.9,151,2
5,179,2
5.1,188,2
5.2,187,2
3.8,121,2
2.2,99,2
2.1,100,2
1.8,79,1
1.6,57,1
1.4,43,1
0.8,50,0
0.5,47,0
0.5,60,0
0.9,91,0
3.2,159,2
2.8,173,2
2.7,174,2
2.4,165,2
2.7,136,2
2.8,125,2
2.9,122,2
2.6,124,2
2.6,184,2
3.2,200,2
4.6,225,2
4.9,168,2
4.7,118,2
3.3,115,2
2.3,94,2
2.1,62,2
1.7,68,1
1,50,0
0.9,36,0
0.7,53,0
0.4,79,0
0.4,133,0
0.5,148,0
1.3,161,1
3.5,191,2
5.5,158,2
5.6,157,2
3.4,188,2
3.2,143,2
3.7,152,2
4.6,168,2
4.2,205,2
3.3,204,2
2.7,210,2
2.2,173,2
2.8,123,2
2.9,92,2
2,77,1
0.7,74,0
0.6,74,0
1.2,47,1
1.2,44,1
1.1,69,1
0.6,79,0
0.3,108,0
0.3,119,0
0.3,165,0
0.4,172,0
0.6,180,0
0.7,130,0
1,120,0
1.1,117,1
1.5,141,1
1.4,151,1
1.4,218,1
1,213,0
0.9,194,0
1.1,167,1
1.3,115,1
1.8,98,1
2.4,93,2
2.7,87,2
1.7,71,1
2.2,49,2
2.8,44,2
2.4,58,2
2.5,66,2
1.4,112,1
1.4,104,1
0.9,103,0
0.6,118,0
1,129,0
1.6,127,1
0.9,130,0
0.9,130,0
1,118,0
1,146,0
0.9,190,0
0.9,189,0
0.9,173,0
0.9,148,0
2.7,116,2
2.2,109,2
3.3,94,2
2.1,64,2
1.8,59,1
1.9,64,1
2.3,52,2
1.9,55,1
1.3,83,1
1,114,0
0.6,137,0
0.6,160,0
0.9,138,0
1.5,134,1
5.5,143,2
4,153,2
1.8,145,1
1.9,123,1
1.7,96,1
1.6,107,1
1.9,119,1
1.6,109,1
1.8,107,1
2,57,1
3.1,60,2
3.9,22,2
4.3,2,2
3.5,7,2
2.4,8,2
1.5,27,1
1.3,14,1
1,3,0
0.8,9,0
0.5,14,0
0.4,52,0
0.5,64,0
0.7,66,0
1.2,14,1
2.4,9,2
4.3,12,2
4.1,14,2
3.7,21,2
3.4,43,2
3.8,62,2
4.1,68,2
3.4,81,2
2.3,88,2
3.2,99,2
4.8,98,2
6.7,97,2
7.5,101,2
4.5,90,2
2.1,61,2
1.5,55,1
1.1,46,1
1.1,56,1
0.9,83,0
0.5,55,0
0.4,47,0
0.4,61,0
0.7,58,0
2,59,1
4.2,54,2
5.2,69,2
3.8,54,2
3.7,95,2
3.4,99,2
3.1,127,2
2.4,98,2
2.8,112,2
3.6,115,2
4,114,2
5.6,103,2
6.3,81,2
4.7,75,2
1.9,64,1
1.9,71,1
1.2,99,1
0.9,132,0
1.7,135,1
1.7,94,1
2.2,103,2
2.8,123,2
3.9,95,2
6.5,90,2
6.3,99,2
5.7,107,2
4.4,112,2
1.6,132,1
1.5,148,1
1.7,158,1
1.9,145,1
1.6,128,1
1.3,105,1
0.8,90,0
0.6,85,0
0.7,73,0
1.6,74,1
2.9,61,2
4.1,69,2
3.7,82,2
3.6,120,2
3.4,135,2
3.7,152,2
4.1,177,2
3.2,181,2
2.4,176,2
3.4,163,2
5.6,174,2
2.9,117,2
5.4,145,2
5.3,173,2
6.7,204,2
7,209,2
2.8,175,2
1.7,129,1
1.7,111,1
1.7,85,1
1.2,86,1
0.7,71,0
0.7,60,0
0.8,48,0
0.9,45,0
1.7,53,1
5.7,94,2
4.3,122,2
3.9,170,2
5.1,174,2
3.7,191,2
3.3,179,2
3.6,148,2
3.2,129,2
3.5,148,2
2.4,184,2
2.9,188,2
2.3,204,2
3.1,201,2
2.9,165,2
1.5,133,1
1.5,125,1
1.7,101,1
1.6,79,1
1.3,101,1
1.4,113,1
0.9,121,0
0.9,146,0
1.3,188,1
1.3,182,1
2.9,166,2
3.2,142,2
3.4,84,2
3.6,87,2
2.3,91,2
3.1,91,2
3.3,74,2
1.9,69,1
2.6,54,2
2.7,60,2
3.7,69,2
3.8,91,2
4.8,97,2
3.5,114,2
2.2,129,2
1.5,137,1
3.4,134,2
3.7,132,2
2,123,1
1.4,105,1
1.1,136,1
0.7,169,0
1.2,87,1
1.3,111,1
1.1,119,1
1,128,0
1.2,117,1
1.9,92,1
2.3,73,2
1.6,60,1
1.3,60,1
1.8,53,1
1.7,47,1
1.8,43,1
2,47,1
2.2,50,2
1.6,81,1
1.3,75,1
1.5,87,1
1.5,128,1
1.3,105,1
1.4,101,1
0.5,100,0
0.4,98,0
0.4,98,0
0.6,98,0
1.1,90,1
2.9,84,2
3.5,101,2
4.6,98,2
3.4,76,2
2.3,71,2
2.7,71,2
3.1,66,2
3.2,62,2
2.5,58,2
3.4,48,2
4.8,53,2
4.5,55,2
4,63,2
3.2,69,2
1.9,84,1
1.9,95,1
1.3,80,1
1.1,87,1
1,94,0
0.5,76,0
0.6,92,0
0.5,94,0
0.8,110,0
1.2,109,1
2.7,122,2
3,107,2
1.5,83,1
1.2,62,1
4.7,89,2
8,103,2
7.7,74,2
6.8,52,2
6,38,2
4.7,39,2
3.4,59,2
3.9,56,2
4.4,51,2
3.3,51,2
2,58,1
1.5,68,1
0.8,81,0
1.3,73,1
2.7,69,2
3.6,81,2
3.6,82,2
2.6,71,2
2,81,1
3.3,87,2
2.6,72,2
2.1,63,2
2.9,63,2
3,63,2
3.2,55,2
4.4,52,2
6,32,2
5,29,2
4.3,44,2
4.3,53,2
4.2,62,2
2.2,68,2
1.3,85,1
1,88,0
0.7,82,0
0.9,91,0
1,87,0
2.8,90,2
4.1,97,2
2.9,99,2
2.7,109,2
2.1,95,2
2.4,80,2
3.8,76,2
3.7,62,2
3.7,57,2
5.5,57,2
5.4,54,2
8.4,50,2
6.8,44,2
4.5,34,2
2.5,44,2
1.6,74,1
